lambda, ndcg@10, wght_scheme
0.05,0.01632965098913002,inverse
0.1,0.01603608066600821,inverse
0.15,0.015836268725,inverse
0.2,0.015592413884103734,inverse
0.25,0.015406669590722916,inverse
0.3,0.015335989571401813,inverse
0.35,0.015373089070807257,inverse
