lambda,ndcg@10
0.05,5.557971705276265e-05
0.1,6.857594728121617e-05
0.15,7.234686074417842e-05
0.05,5.557971705276264e-05
0.1,6.857594728121616e-05
0.15,7.234686074417842e-05
0.2,6.879319538809611e-05
0.25,7.122873122842174e-05
0.3,6.302890301995386e-05
0.35,6.761184656505615e-05
0.4,7.065166849315687e-05
0.45,7.383136629934931e-05
0.5,7.065567677518638e-05
