lambda,ndcg@10
0.05,5.557971705276265e-05
0.1,6.857594728121617e-05
0.15,7.234686074417842e-05
