lambda,ndcg@10
0.05,0.12208264390578175
0.1,0.12260654110275657
0.15,0.12187831478830036
0.2,0.1212007159095008
0.25,0.12061772392145645
0.3,0.12025041130081582
0.35,0.11996428057266381
0.4,0.11967832428320638
0.45,0.1193363724847906
0.5,0.11908080316745073
0.55,0.11893584599851201
0.07,0.1228467158197552
0.08,0.12289776460816083
0.09,0.1227906287651272
0.11,0.1224652663131197
0.12,0.12228623096876937
0.13,0.12216730458592408
0.6,0.11871795405704605
