n_components, damping, reg, ndcg@10
10,1.0,0.01,0.002740035740591682
10,1.0,0.05,0.005821149546534657
10,1.0,0.1,0.001925346580822728
10,5.0,0.01,0.004195284172246919
10,5.0,0.05,0.009435589197303623
10,5.0,0.1,0.005343483693105184
10,10.0,0.01,0.0050547703454394115
10,10.0,0.05,0.013083668350758684
10,10.0,0.1,0.0075305060171801
20,1.0,0.01,0.010110689463645753
20,1.0,0.05,0.008618496345326555
20,1.0,0.1,0.0018446973963153607
