epoch, ndcg@10
1,0.11179325350832693
2,0.11752921665119562
3,0.11428800384324433
