{
    "cf_recommendations": {
        "2": {
            "hit_rate": 0.26516236053355147,
            "ndcg": 0.13708839945944568,
            "diversity": 0.3166828553822089
        },
        "6": {
            "hit_rate": 0.39482355079873654,
            "ndcg": 0.11482956945445286,
            "diversity": 0.32171527218281704
        },
        "10": {
            "hit_rate": 0.4228418206194469,
            "ndcg": 0.10466821351237429,
            "diversity": 0.3244418703112551
        }
    },
    "hybrid_recommendations": {
        "2": {
            "hit_rate": 0.00015798065614632518,
            "ndcg": 1.2635690561727811e-05
        },
        "6": {
            "hit_rate": 0.0007547964682546648,
            "ndcg": 4.97412813198934e-05
        },
        "10": {
            "hit_rate": 0.0020888553423791885,
            "ndcg": 0.00011519971871669184
        }
    },
    "pop_baseline": {
        "2": {
            "hit_rate": 0.11202763196764151,
            "ndcg": 0.05961935447764944,
            "diversity": 0.22272623038034234
        },
        "6": {
            "hit_rate": 0.38737019110596044,
            "ndcg": 0.08224635003640637,
            "diversity": 0.2825111116060345
        },
        "10": {
            "hit_rate": 0.49367146135842027,
            "ndcg": 0.08848748810221332,
            "diversity": 0.31958868378137356
        }
    },
    "cb_recommendations_title": {
        "2": {
            "hit_rate": 0.007544254323175859,
            "ndcg": 0.0031330681671687365,
            "diversity": 0.3022402208617025
        },
        "6": {
            "hit_rate": 0.02285999954552685,
            "ndcg": 0.003899235712468725,
            "diversity": 0.306341309521646
        },
        "10": {
            "hit_rate": 0.04008453200627173,
            "ndcg": 0.004655278515307374,
            "diversity": 0.305741027325283
        }
    },
    "cb_recommendations_descr": {
        "2": {
            "hit_rate": 0.0159065603199491,
            "ndcg": 0.006701869939220012,
            "diversity": 0.08357300707413663
        },
        "6": {
            "hit_rate": 0.046992523916649626,
            "ndcg": 0.009287519770665848,
            "diversity": 0.09080357897136042
        },
        "10": {
            "hit_rate": 0.07707864657895334,
            "ndcg": 0.011963904533531208,
            "diversity": 0.0945438002615774
        }
    },
    "cb_recommendations_combi": {
        "2": {
            "hit_rate": 0.015929283977549027,
            "ndcg": 0.006695728773675595,
            "diversity": 0.08260702016475036
        },
        "6": {
            "hit_rate": 0.046538050764651076,
            "ndcg": 0.009346868885424684,
            "diversity": 0.09036939524619061
        },
        "10": {
            "hit_rate": 0.0761242529597564,
            "ndcg": 0.012083297725559942,
            "diversity": 0.09430732809709869
        }
    }
}