{
    "cf_recommendations": {
        "2": {
            "hit_rate": 0.017061910863803122,
            "ndcg": 0.002342330282025849
        },
        "6": {
            "hit_rate": 0.04788569221857501,
            "ndcg": 0.006709513431093418
        },
        "10": {
            "hit_rate": 0.05230915059067212,
            "ndcg": 0.007324823400707577
        }
    },
    "hybrid_recommendations": {
        "2": {
            "hit_rate": 0.00015798065614632518,
            "ndcg": 1.2635690561727811e-05
        },
        "6": {
            "hit_rate": 0.0007547964682546648,
            "ndcg": 4.97412813198934e-05
        },
        "10": {
            "hit_rate": 0.0020888553423791885,
            "ndcg": 0.00011519971871669184
        }
    },
    "pop_baseline": {
        "2": {
            "hit_rate": 0.006213905808422124,
            "ndcg": 0.0008299324617753262
        },
        "6": {
            "hit_rate": 0.12168021204514735,
            "ndcg": 0.013039406035850576
        },
        "10": {
            "hit_rate": 0.17119837104390107,
            "ndcg": 0.019044691369668944
        }
    }
}