{
    "cf_recommendations": {
        "hit_rate": 0.05230915059067212,
        "ndcg": 0.0069350897318581645
    },
    "hybrid_recommendations": {
        "hit_rate": 0.0020888553423791885,
        "ndcg": 0.00020563527900600368
    }
}