{
    "cf_recommendations": {
        "2": {
            "hit_rate": 0.017061910863803122,
            "ndcg": 0.002342330282025849
        },
        "6": {
            "hit_rate": 0.04788569221857501,
            "ndcg": 0.006709513431093418
        },
        "10": {
            "hit_rate": 0.05230915059067212,
            "ndcg": 0.007324823400707577
        }
    },
    "hybrid_recommendations": {
        "2": {
            "hit_rate": 0.00015798065614632518,
            "ndcg": 1.2635690561727811e-05
        },
        "6": {
            "hit_rate": 0.0007547964682546648,
            "ndcg": 4.97412813198934e-05
        },
        "10": {
            "hit_rate": 0.0020888553423791885,
            "ndcg": 0.00011519971871669184
        }
    },
    "pop_baseline": {
        "2": {
            "hit_rate": 0.11202763196764151,
            "ndcg": 0.017914687168431392,
            "diversity": 0.24841699164456932
        },
        "6": {
            "hit_rate": 0.36421478401163454,
            "ndcg": 0.046711698640045124,
            "diversity": 0.2814412069985071
        },
        "10": {
            "hit_rate": 0.4867180221328425,
            "ndcg": 0.06659742933971051,
            "diversity": 0.3148006264005156
        }
    }
}