{
    "cf_recommendations": {
        "hit_rate": 0.05230915059067212,
        "ndcg": 0.0057602129913585255
    }
}