{
    "cf_recommendations": {
        "2": {
            "hit_rate": 0.26516236053355147,
            "ndcg": 0.13708839945944568,
            "diversity": 0.3166828553822089
        },
        "6": {
            "hit_rate": 0.39482355079873654,
            "ndcg": 0.11482956945445286,
            "diversity": 0.32061014546891836
        },
        "10": {
            "hit_rate": 0.4228418206194469,
            "ndcg": 0.10466821351237429,
            "diversity": 0.32279851765365
        }
    },
    "hybrid_recommendations": {
        "2": {
            "hit_rate": 0.2850455609334879,
            "ndcg": 0.14906284898966948,
            "diversity": 0.27634806858594574
        },
        "6": {
            "hit_rate": 0.4019815029427137,
            "ndcg": 0.12109519301042665,
            "diversity": 0.28169756975387844
        },
        "10": {
            "hit_rate": 0.4271593155634331,
            "ndcg": 0.11004786056610895,
            "diversity": 0.27872220853831803
        }
    },
    "pop_baseline": {
        "2": {
            "hit_rate": 0.11202763196764151,
            "ndcg": 0.05961935447764944,
            "diversity": 0.22272623038034234
        },
        "6": {
            "hit_rate": 0.38737019110596044,
            "ndcg": 0.08224635003640637,
            "diversity": 0.2716418787416507
        },
        "10": {
            "hit_rate": 0.49367146135842027,
            "ndcg": 0.08848748810221332,
            "diversity": 0.29880504079230635
        }
    },
    "cb_recommendations_title": {
        "2": {
            "hit_rate": 0.007794214556775058,
            "ndcg": 0.0032749176336620894,
            "diversity": 0.3031717616237933
        },
        "6": {
            "hit_rate": 0.023109959779126048,
            "ndcg": 0.004027941000846873,
            "diversity": 0.30723368758937836
        },
        "10": {
            "hit_rate": 0.040357215897470856,
            "ndcg": 0.004769923391349344,
            "diversity": 0.30661031158170404
        }
    },
    "cb_recommendations_descr": {
        "2": {
            "hit_rate": 0.017633558297543574,
            "ndcg": 0.007571952855748212,
            "diversity": 0.08366975123231662
        },
        "6": {
            "hit_rate": 0.050151112323039516,
            "ndcg": 0.01041914286555846,
            "diversity": 0.0887138494707112
        },
        "10": {
            "hit_rate": 0.07957824891494535,
            "ndcg": 0.012968249532710939,
            "diversity": 0.09181006057958865
        }
    },
    "cb_recommendations_combi": {
        "2": {
            "hit_rate": 0.0176562819551435,
            "ndcg": 0.007573029587155752,
            "diversity": 0.08268628424272902
        },
        "6": {
            "hit_rate": 0.04965119185584112,
            "ndcg": 0.010462996446478927,
            "diversity": 0.08811750398156709
        },
        "10": {
            "hit_rate": 0.07887381552934761,
            "ndcg": 0.013075338120633915,
            "diversity": 0.09138471277440735
        }
    }
}