{
    "cf_recommendations": {
        "2": {
            "hit_rate": 0.017061910863803122,
            "ndcg": 0.002342330282025849
        },
        "6": {
            "hit_rate": 0.04788569221857501,
            "ndcg": 0.006709513431093418
        },
        "10": {
            "hit_rate": 0.05230915059067212,
            "ndcg": 0.007324823400707577
        }
    },
    "hybrid_recommendations": {
        "2": {
            "hit_rate": 0.00015798065614632518,
            "ndcg": 1.2635690561727811e-05
        },
        "6": {
            "hit_rate": 0.0007547964682546648,
            "ndcg": 4.97412813198934e-05
        },
        "10": {
            "hit_rate": 0.0020888553423791885,
            "ndcg": 0.00011519971871669184
        }
    },
    "pop_baseline": {
        "2": {
            "hit_rate": 0.11202763196764151,
            "ndcg": 0.017914687168431392,
            "diversity": 0.22272623038034234
        },
        "6": {
            "hit_rate": 0.38737019110596044,
            "ndcg": 0.05176864892083004,
            "diversity": 0.2825111116060345
        },
        "10": {
            "hit_rate": 0.49367146135842027,
            "ndcg": 0.06893968896064064,
            "diversity": 0.31958868378137356
        }
    }
}