{
    "cf_recommendations": {
        "hit_rate": 0.05230915059067212,
        "ndcg": 0.0069350897318581645
    },
    "hybrid_recommendations": {
        "hit_rate": 0.0020888553423791885,
        "ndcg": 0.00020563527900600368
    },
    "pop_baseline": {
        "2": {
            "hit_rate": 0.006213905808422124,
            "ndcg": 0.0008299324617753262
        },
        "6": {
            "hit_rate": 0.12168021204514735,
            "ndcg": 0.013039406035850576
        },
        "10": {
            "hit_rate": 0.17119837104390107,
            "ndcg": 0.019044691369668944
        }
    }
}