{
    "cf_recommendations": {
        "hit_rate": 0.05262511190296477,
        "ndcg": 0.007050446879870706
    }
}